F1,F1_CI,ACC,ACC_CI,REC,REC_CI,PREC,PREC_CI
0.6315789473684211,0.0,0.6888888888888889,0.0,0.7058823529411765,0.0,0.5714285714285714,0.0
0.4117647058823529,0.0,0.5555555555555556,0.0,0.4117647058823529,0.0,0.4117647058823529,0.0
0.4324324324324324,0.0,0.5333333333333333,0.0,0.47058823529411764,0.0,0.4,0.0
0.5238095238095238,0.0,0.5555555555555556,0.0,0.6470588235294118,0.0,0.44,0.0
