F1,F1_CI,ACC,ACC_CI,REC,REC_CI,PREC,PREC_CI
0.6315789473684211,0.0,0.6888888888888889,0.0,0.7058823529411765,0.0,0.5714285714285714,0.0
0.4117647058823529,0.0,0.5555555555555556,0.0,0.4117647058823529,0.0,0.4117647058823529,0.0
0.45714285714285713,0.0,0.5777777777777777,0.0,0.47058823529411764,0.0,0.4444444444444444,0.0
0.4761904761904762,0.0,0.5111111111111111,0.0,0.5882352941176471,0.0,0.4,0.0
